order_id,order_date,customer_id,product_id,quantity,unit_price,discount
O000001,2024-07-29,C04232,P0008,5,65.33,0
O000002,2025-02-07,C03233,P0015,3,1091.57,0.15
O000003,2025-05-12,C00306,P0008,2,65.33,0.2
O000004,2024-02-24,C04673,P0016,3,143.32,0.2
O000005,2024-07-02,C04716,P0010,1,622.38,0.05
O000006,2024-12-01,C00368,P0016,5,143.32,0
O000007,2025-04-25,C04242,P0009,5,1056.72,0
O000008,2024-11-25,C01934,P0001,4,306.14,0.15
O000009,2024-12-15,C03041,P0009,4,1056.72,0.2
O000010,2024-01-30,C02818,P0006,4,329.49,0.2
O000011,2025-05-07,C04325,P0016,3,143.32,0.2
O000012,2025-02-12,C04439,P0004,2,758.64,0.2
O000013,2025-01-07,C01790,P0004,2,758.64,0.1
O000014,2024-09-11,C04268,P0010,1,622.38,0.1
O000015,2024-01-12,C03653,P0001,3,306.14,0
O000016,2025-03-13,C00368,P0013,3,941.0,0.05
O000017,2024-11-04,C00294,P0015,5,1091.57,0.15
O000018,2025-06-13,C02203,P0017,2,535.81,0
O000019,2024-10-18,C03789,P0007,4,499.9,0
O000020,2024-02-29,C02385,P0009,5,1056.72,0
O000021,2025-02-03,C00965,P0015,5,1091.57,0
O000022,2025-05-29,C02013,P0003,4,489.71,0
O000023,2024-11-19,C02189,P0002,5,266.34,0.1
O000024,2024-02-04,C01767,P0001,2,306.14,0
O000025,2024-02-25,C03570,P0001,3,306.14,0
O000026,2025-09-04,C01303,P0007,1,499.9,0.05
O000027,2024-06-18,C03122,P0007,2,499.9,0
O000028,2024-01-31,C03274,P0012,3,122.69,0.15
O000029,2024-03-02,C04860,P0004,3,758.64,0.15
O000030,2025-09-15,C03793,P0007,2,499.9,0
O000031,2024-03-21,C04575,P0011,1,279.64,0.1
O000032,2024-02-26,C01148,P0002,4,266.34,0.2
O000033,2024-12-20,C01020,P0002,5,266.34,0
O000034,2025-05-12,C03673,P0007,5,499.9,0
O000035,2024-12-01,C04808,P0017,2,535.81,0.2
O000036,2024-07-11,C00860,P0012,1,122.69,0.2
O000037,2024-04-10,C01132,P0014,3,291.76,0
O000038,2025-06-22,C02969,P0012,4,122.69,0
O000039,2025-06-09,C02757,P0011,5,279.64,0.05
O000040,2024-04-15,C02690,P0010,3,622.38,0
O000041,2024-04-27,C00123,P0010,5,622.38,0.2
O000042,2024-10-22,C02666,P0001,5,306.14,0
O000043,2025-02-26,C00337,P0008,3,65.33,0
O000044,2024-08-03,C02840,P0012,5,122.69,0
O000045,2024-05-17,C04165,P0017,1,535.81,0.05
O000046,2025-05-23,C03594,P0011,3,279.64,0
O000047,2024-05-09,C03049,P0006,3,329.49,0.05
O000048,2025-09-02,C01216,P0010,5,622.38,0
O000049,2025-01-07,C00140,P0016,1,143.32,0
O000050,2024-09-28,C04485,P0010,5,622.38,0.2
O000051,2024-12-15,C00865,P0014,4,291.76,0.15
O000052,2024-12-17,C04003,P0004,2,758.64,0
O000053,2024-01-22,C03690,P0014,4,291.76,0
O000054,2025-01-04,C01269,P0005,4,940.87,0
O000055,2024-04-15,C02319,P0012,1,122.69,0.15
O000056,2025-07-23,C00405,P0002,3,266.34,0
O000057,2025-01-07,C02894,P0012,5,122.69,0.2
O000058,2024-08-07,C01535,P0004,4,758.64,0.2
O000059,2025-09-19,C03963,P0014,4,291.76,0
O000060,2024-02-22,C02471,P0003,1,489.71,0
O000061,2025-07-26,C03881,P0003,3,489.71,0
O000062,2025-01-27,C00766,P0015,5,1091.57,0.2
O000063,2025-06-14,C01988,P0003,4,489.71,0.1
O000064,2025-07-19,C02870,P0001,1,306.14,0
O000065,2024-06-14,C00761,P0004,3,758.64,0
O000066,2025-03-19,C00271,P0007,2,499.9,0.1
O000067,2025-07-10,C00349,P0006,1,329.49,0.05
O000068,2025-06-24,C04250,P0006,1,329.49,0.05
O000069,2024-09-11,C04258,P0004,4,758.64,0
O000070,2024-04-04,C01107,P0001,5,306.14,0
O000071,2025-02-26,C03316,P0014,3,291.76,0.2
O000072,2024-06-19,C00246,P0009,4,1056.72,0.1
O000073,2024-12-01,C03557,P0014,2,291.76,0.15
O000074,2025-09-16,C04503,P0016,4,143.32,0
O000075,2024-09-20,C03180,P0017,4,535.81,0.1
O000076,2025-03-23,C01780,P0011,2,279.64,0.15
O000077,2025-01-22,C01182,P0007,5,499.9,0.1
O000078,2025-02-03,C00092,P0013,3,941.0,0.2
O000079,2024-05-22,C04255,P0003,1,489.71,0.2
O000080,2024-05-20,C01196,P0008,2,65.33,0
O000081,2024-10-03,C01856,P0015,2,1091.57,0.05
O000082,2025-06-17,C00527,P0007,5,499.9,0.05
O000083,2024-12-01,C04108,P0008,1,65.33,0.15
O000084,2025-01-15,C02667,P0015,4,1091.57,0.05
O000085,2024-12-27,C04116,P0013,5,941.0,0.2
O000086,2024-09-18,C01080,P0013,4,941.0,0
O000087,2025-02-24,C01760,P0014,2,291.76,0.05
O000088,2024-03-03,C02910,P0007,3,499.9,0
O000089,2025-01-12,C04179,P0014,4,291.76,0
O000090,2024-12-21,C02669,P0003,5,489.71,0.15
O000091,2024-08-17,C00178,P0011,4,279.64,0.2
O000092,2024-07-11,C04484,P0011,1,279.64,0.2
O000093,2024-07-28,C01523,P0017,4,535.81,0.05
O000094,08/04/2024,C04842,P0002,3,266.34,0
O000095,2024-05-09,C04141,P0003,4,489.71,0.1
O000096,2024-10-29,C02190,P0012,4,122.69,0.2
O000097,2024-05-15,C03330,P0012,5,122.69,0.15
O000098,2024-04-25,C01477,P0012,5,122.69,0
O000099,2024-01-07,C02594,P0017,2,535.81,0.05
O000100,2025-09-01,C03001,P0004,2,758.64,0
O000101,2024-07-24,C00891,P0013,5,941.0,0
O000102,2024-10-17,C02315,P0015,2,1091.57,0.1
O000103,2025-02-27,C01035,P0015,3,1091.57,0
O000104,2025-02-27,C03262,P0002,2,266.34,0
O000105,2024-11-29,C04180,P0001,4,306.14,0
O000106,2025-02-18,C03449,P0015,2,1091.57,0.05
O000107,2024-01-08,C00471,P0005,4,940.87,0
O000108,2025-04-18,C03577,P9999,1,10.0,0.2
O000109,2025-01-27,C00582,P0006,1,329.49,0.15
O000110,2024-07-11,C04906,P0007,2,499.9,0
O000111,2025-08-19,C01896,P0001,3,306.14,0
O000112,2025-08-18,C03430,P0011,4,279.64,0
O000113,2025-02-09,C00887,P0017,2,535.81,0.05
O000114,2024-05-26,C04329,P0011,3,279.64,0
O000115,2024-02-03,C00564,P0003,3,489.71,0
O000116,2024-09-10,C00409,P0008,2,65.33,0.05
O000117,2025-01-12,C01664,P0008,1,65.33,0
O000118,2024-10-15,C03814,P0002,1,266.34,0.2
O000119,2024-05-30,C02159,P0008,4,65.33,0.05
O000120,2024-12-15,C00088,P0009,4,1056.72,0.2
O000121,2025-08-01,C01390,P0008,2,65.33,0
O000122,2025-09-11,C03679,P0012,4,122.69,0
O000123,2025-07-30,C02905,P0004,4,758.64,0.2
O000124,2025-08-26,C00567,P0002,3,266.34,0.05
O000125,2025-08-25,C04970,P0007,2,499.9,0.05
O000126,2024-09-20,C02356,P0016,1,143.32,0
O000127,2024-06-01,C03160,P0012,3,122.69,0
O000128,2025-01-26,C04678,P0007,3,499.9,0
O000129,2025-07-04,C04724,P0009,4,1056.72,0
O000130,2024-06-12,C03485,P0005,2,940.87,0.2
O000131,2024-01-21,C01055,P0013,1,941.0,0
O000132,2024-03-10,C04968,P0008,4,65.33,0.2
O000133,2024-02-20,C04684,P0001,5,306.14,0
O000134,2025-06-20,C04093,P0013,2,941.0,0.2
O000135,2025-04-20,C04022,P0016,1,143.32,0.05
O000136,2025-09-06,C04150,P0005,1,940.87,0
O000137,2025-08-31,C03556,P0001,4,306.14,0.15
O000138,2024-12-28,C04612,P0004,5,758.64,0.2
O000139,2025-08-05,C00985,P0007,3,499.9,0.15
O000140,2024-12-26,C03765,P0010,5,622.38,0.05
O000141,2025-06-21,C02924,P0004,4,758.64,0.05
O000142,2024-04-25,C01550,P0012,5,122.69,0.05
O000143,2025-04-06,C02148,P0017,4,535.81,0
O000144,2025-09-10,C02729,P0010,2,622.38,0.05
O000145,2024-03-23,C01018,P0006,3,329.49,0
O000146,2025-01-25,C03113,P0009,4,1056.72,0
O000147,2024-07-12,C04730,P0003,5,489.71,0
O000148,2025-07-24,C00308,P0007,1,499.9,0
O000149,2025-05-03,C03223,P0017,2,535.81,0
O000150,2024-05-19,C02699,P0011,2,279.64,0
O000151,2024-07-09,C04497,P0016,3,143.32,0.05
O000152,2024-08-24,C04841,P0007,3,499.9,0
O000153,2025-04-16,C01045,P0005,5,940.87,0
O000154,2025-03-25,C00067,P0008,5,65.33,0.2
O000155,2025-05-21,C00455,P0011,3,279.64,0.2
O000156,2024-05-08,C04609,P0003,4,489.71,0
O000157,2024-03-19,C02473,P0011,2,279.64,0
O000158,2025-04-15,C04055,P0012,1,122.69,0.1
O000159,2025-08-28,C02226,P0017,1,535.81,0
O000160,2024-07-20,C03693,P0012,4,122.69,0
O000161,2025-07-03,C03334,P0013,4,941.0,0
O000162,2024-10-06,C03275,P0009,2,1056.72,0
O000163,2025-08-30,C00496,P0003,1,489.71,0.1
O000164,2024-01-02,C01581,P0012,3,122.69,0.1
O000165,2025-09-17,C00582,P0017,5,535.81,0.1
O000166,2025-08-23,C00931,P0007,2,499.9,0.05
O000167,2024-03-20,C02630,P0007,5,499.9,0
O000168,2024-02-24,C04092,P0002,2,266.34,0.2
O000169,2024-12-08,C03376,P0010,2,622.38,0
O000170,2024-08-24,C03410,P0006,1,329.49,0
O000171,2024-01-05,C03190,P0006,2,329.49,0.2
O000172,2025-01-29,C00683,P0015,2,1091.57,0
O000173,2024-02-21,C02790,P0009,4,1056.72,0.2
O000174,2025-01-01,C02047,P0017,1,535.81,0
O000175,2024-03-28,C02764,P0005,1,940.87,0
O000176,2025-02-12,C01397,P0006,3,329.49,0.1
O000177,2025-06-25,C00341,P0011,4,279.64,0
O000178,2025-02-05,C02211,P0004,2,758.64,0.2
O000179,2024-03-09,C00102,P0005,5,940.87,0.05
O000180,2025-01-17,C02618,P0004,4,758.64,0.1
O000181,2025-08-29,C01397,P0002,3,266.34,0
O000182,2025-08-19,C04792,P0004,1,758.64,0
O000183,2024-03-27,C04127,P0004,3,758.64,0.1
O000184,2024-10-18,C02965,P0013,5,941.0,0.05
O000185,2024-02-01,C02634,P0005,1,940.87,0
O000186,2024-11-05,C00352,P0005,1,940.87,0.05
O000187,2024-10-31,C04123,P0017,5,535.81,0.15
O000188,2024-05-07,C04444,P0005,4,940.87,0.05
O000189,2024-11-15,C03745,P0011,5,279.64,0.15
O000190,2024-04-26,C04725,P0004,3,758.64,0
O000191,2024-05-20,C00780,P0004,2,758.64,0
O000192,2024-01-13,C03299,P0006,2,329.49,0
O000193,2024-03-24,C02063,P0013,2,941.0,0.2
O000194,2024-09-16,C01296,P0001,2,306.14,0.1
O000195,2024-01-31,C03473,P0015,1,1091.57,0
O000196,2024-11-05,C01622,P0016,4,143.32,0.1
O000197,2024-12-12,C04090,P0016,2,143.32,0
O000198,2025-01-14,C00425,P0001,2,306.14,0
O000199,2024-05-20,C04902,P0016,2,143.32,0
O000200,2025-06-28,C03542,P0012,3,122.69,0
O000201,2024-08-27,C04863,P0006,4,329.49,0
O000202,2024-06-22,C01518,P0008,5,65.33,0.1
O000203,2024-06-19,C04724,P0007,4,499.9,0.05
O000204,2024-02-10,C04500,P0014,5,291.76,0.15
O000205,2025-06-17,C01903,P0012,4,122.69,0
O000206,2025-08-15,C04742,P0008,1,65.33,0.15
O000207,2024-02-28,C00663,P0007,3,499.9,0.2
O000208,2025-07-25,C03845,P0001,4,306.14,0.2
O000209,2025-02-13,C02438,P0010,5,622.38,0
O000210,2024-05-08,C03737,P0013,5,941.0,0
O000211,2025-09-17,C04480,P0001,3,306.14,0
O000212,2025-01-14,C04526,P0009,3,1056.72,0
O000213,2025-09-19,C00826,P0007,2,499.9,0
O000214,2024-04-11,C00789,P0014,2,291.76,0.05
O000215,2025-03-15,C04079,P0010,3,622.38,0.2
O000216,2025-05-18,C02913,P0001,3,306.14,0
O000217,2025-05-13,C01153,P0008,3,65.33,0.2
O000218,2024-06-25,C03819,P0002,2,266.34,0.2
O000219,2025-06-22,C04465,P0004,2,758.64,0.15
O000220,2025-03-29,C04672,P0008,3,65.33,0.2
O000221,2024-11-20,C02623,P0005,1,940.87,0.05
O000222,2024-07-29,C02001,P0016,2,143.32,0
O000223,2025-03-18,C00133,P0017,4,535.81,0
O000224,2025-06-29,C04764,P0009,1,1056.72,0.2
O000225,2024-04-04,C00154,P0008,4,65.33,0
O000226,2024-09-15,C01057,P0003,5,489.71,0
O000227,2024-03-05,C03668,P0002,2,266.34,0.1
O000228,2025-08-04,C03856,P0015,2,1091.57,0.05
O000229,2024-11-14,C00089,P0007,2,499.9,0
O000230,2025-02-25,C01746,P0007,3,499.9,0.2
O000231,2024-01-13,C00369,P9999,3,10.0,0
O000232,2025-04-11,C01633,P0004,2,758.64,0
O000233,2024-08-25,C00388,P0016,2,143.32,0
O000234,2024-03-19,C03468,P0015,2,1091.57,0.2
O000235,2025-05-17,C04915,P0016,5,143.32,0.15
O000236,2024-03-19,C03588,P0012,1,122.69,0
O000237,2025-04-12,C04969,P0003,5,489.71,0.2
O000238,2024-10-08,C01317,P0002,3,266.34,0.1
O000239,2025-06-06,C02072,P0011,3,279.64,0
O000240,2024-02-01,C03738,P0008,3,65.33,0.1
O000241,2024-04-19,C03300,P0010,1,622.38,0.05
O000242,2024-04-18,C02614,P0017,3,535.81,0.1
O000243,2024-10-12,C02665,P0008,4,65.33,0.1
O000244,2025-07-31,C01567,P0008,5,65.33,0
O000245,12/04/2025,C03364,P0008,5,65.33,0
O000246,2024-10-12,C03836,P0003,3,489.71,0.15
O000247,2024-11-23,C02838,P0012,3,122.69,0.2
O000248,2025-04-11,C00296,P0015,5,1091.57,0.1
O000249,2024-02-02,C04306,P0006,2,329.49,0.05
O000250,2024-11-13,C01146,P0001,3,306.14,0
O000251,2025-01-10,C01023,P0006,3,329.49,0.1
O000252,2024-11-14,C00128,P0009,1,1056.72,0.05
O000253,2024-06-01,C03961,P0003,5,489.71,0
O000254,2025-07-15,C02395,P0010,4,622.38,0
O000255,2024-01-15,C00942,P0001,1,306.14,0
O000256,2024-08-17,C02674,P0015,1,1091.57,0
O000257,2025-03-09,C03798,P0008,2,65.33,0.1
O000258,2024-08-06,C03956,P0009,5,1056.72,0
O000259,2025-03-28,C02137,P0008,5,65.33,0.15
O000260,2024-10-17,C04098,P0005,3,940.87,0
O000261,2024-03-01,C04321,P0004,1,758.64,0.05
O000262,2024-12-31,C02363,P0008,2,65.33,0.2
O000263,2025-01-11,C03045,P0004,5,758.64,0.2
O000264,2025-04-16,C03889,P0002,1,266.34,0.15
O000265,2024-01-30,C01267,P0012,4,122.69,0.2
O000266,2024-06-07,C02709,P0007,4,499.9,0
O000267,2024-01-28,C02758,P0009,1,1056.72,0
O000268,2025-08-20,C03107,P0001,4,306.14,0.2
O000269,2024-11-12,C00271,P0012,2,122.69,0.15
O000270,2024-07-23,C03473,P0015,2,1091.57,0.15
O000271,2024-04-21,C01115,P0011,4,279.64,0
O000272,2024-03-28,C04677,P0010,3,622.38,0.2
O000273,2024-11-20,C02699,P0011,2,279.64,0
O000274,2024-03-02,C03289,P0017,2,535.81,0
O000275,2024-07-18,C04756,P0010,1,622.38,0
O000276,2024-12-07,C04860,P0008,3,65.33,0
O000277,2025-05-22,C04162,P0017,1,535.81,0.2
O000278,2025-04-06,C04073,P0017,1,535.81,0
O000279,2025-04-29,C02124,P0010,2,622.38,0.05
O000280,2025-08-24,C02074,P0010,3,622.38,0
O000281,2025-08-04,C03500,P0010,1,622.38,0.1
O000282,2025-04-13,C01112,P0013,3,941.0,0
O000283,2025-07-29,C01704,P0016,4,143.32,0.15
O000284,2024-01-23,C02378,P0013,1,941.0,0
O000285,2024-12-28,C00200,P0015,2,1091.57,0.1
O000286,2025-09-21,C03565,P0002,1,266.34,0.2
O000287,2024-05-26,C01824,P0005,3,940.87,0
O000288,2025-02-07,C02954,P0004,4,758.64,0
O000289,2025-08-21,C01079,P0012,1,122.69,0.15
O000290,2024-06-07,C04895,P0017,5,535.81,0.1
O000291,2025-05-26,C02929,P0005,2,940.87,0
O000292,2025-09-11,C04669,P0014,3,291.76,0
O000293,2024-07-16,C02901,P0015,5,1091.57,0.05
O000294,2024-05-15,C02359,P0005,4,940.87,0.15
O000295,2025-02-07,C02293,P0001,2,306.14,0
O000296,2024-10-04,C03898,P0013,1,941.0,0.2
O000297,2025-01-10,C02268,P0002,3,266.34,0
O000298,2024-01-17,C04526,P0013,2,941.0,0
O000299,2024-12-12,C01076,P0006,1,329.49,0
O000300,2025-05-17,C04309,P0005,4,940.87,0
O000301,2024-08-10,C01496,P0007,5,499.9,0
O000302,2024-08-09,C03743,P0007,2,499.9,0.2
O000303,2024-02-12,C04739,P0006,1,329.49,0.05
O000304,2024-07-17,C00012,P0016,4,143.32,0.15
O000305,2025-01-26,C02060,P0017,4,535.81,0.2
O000306,2025-05-02,C02813,P0007,4,499.9,0
O000307,2024-03-08,C02918,P0006,1,329.49,0
O000308,2024-08-26,C00249,P0012,1,122.69,0.2
O000309,2024-10-08,C01866,P0004,2,758.64,0.15
O000310,2024-06-12,C02551,P0017,3,535.81,0.05
O000311,19/01/2024,C03057,P0001,5,306.14,0
O000312,2025-05-04,C03868,P0005,2,940.87,0
O000313,2024-12-21,C00994,P0017,5,535.81,0.1
O000314,2024-12-01,C02649,P0014,1,291.76,0.2
O000315,2024-01-31,C04228,P0015,3,1091.57,0
O000316,2024-01-04,C00113,P0017,5,535.81,0
O000317,2024-10-13,C00550,P0015,3,1091.57,0
O000318,2025-05-20,C00197,P0002,4,266.34,0.1
O000319,2024-01-06,C03970,P0011,3,279.64,0.1
O000320,2025-03-24,C00795,P0010,3,622.38,0
O000321,2025-04-01,C03202,P0014,5,291.76,0.05
O000322,2024-05-17,C02779,P0004,5,758.64,0.2
O000323,2024-09-22,C01852,P0009,3,1056.72,0
O000324,2024-10-29,C00869,P0016,4,143.32,0
O000325,2025-01-21,C04703,P0010,1,622.38,0
O000326,2025-01-03,C03618,P0014,5,291.76,0.05
O000327,2025-03-23,C02218,P0003,1,489.71,0
O000328,2025-08-15,C03513,P0010,1,622.38,0.1
O000329,2024-06-12,C02598,P0007,4,499.9,0
O000330,2025-06-18,C00898,P0014,3,291.76,0
O000331,2024-10-26,C02023,P0015,5,1091.57,0.15
O000332,2025-04-02,C04827,P0007,4,499.9,0.2
O000333,2024-05-22,C04751,P0006,4,329.49,0.2
O000334,2025-05-23,C01807,P0006,4,329.49,0
O000335,12/09/2024,C03190,P0016,2,143.32,0.1
O000336,2025-08-24,C02797,P0015,5,1091.57,0
O000337,21/01/2024,C01163,P0010,2,622.38,0.1
O000338,2025-09-12,C00007,P0011,4,279.64,0
O000339,2024-09-08,C00253,P0007,3,499.9,0.05
O000340,2025-07-02,C02772,P0007,2,499.9,0.15
O000341,2025-05-25,C04933,P0015,4,1091.57,0.05
O000342,2024-10-11,C00361,P0001,4,306.14,0
O000343,2024-03-22,C03647,P0002,1,266.34,0.15
O000344,2024-03-25,C04000,P0010,3,622.38,0.15
O000345,2024-07-09,C03126,P0008,5,65.33,0
O000346,2024-09-18,C03916,P0016,3,143.32,0.2
O000347,2025-07-06,C04110,P0014,4,291.76,0
O000348,2024-08-27,C00550,P0009,2,1056.72,0
O000349,2024-09-21,C00892,P0017,5,535.81,0
O000350,2025-08-22,C00674,P0006,2,329.49,0.1
O000351,2025-04-17,C01305,P0004,3,758.64,0
O000352,2025-06-07,C01734,P0005,1,940.87,0.2
O000353,2025-01-07,C02877,P0014,4,291.76,0.15
O000354,2024-01-08,C02179,P0004,4,758.64,0.05
O000355,2024-11-13,C04490,P0008,5,65.33,0.15
O000356,2025-01-16,C03283,P0016,4,143.32,0.15
O000357,2025-02-07,C03548,P0013,4,941.0,0
O000358,2024-05-23,C01030,P0001,5,306.14,0
O000359,2024-10-21,C02700,P0011,2,279.64,0.1
O000360,2025-05-14,C04255,P0016,5,143.32,0.05
O000361,2024-03-19,C02954,P9999,3,10.0,0.1
O000362,2025-07-03,C02964,P0002,4,266.34,0.15
O000363,2024-03-04,C01902,P0017,4,535.81,0.05
O000364,2025-08-21,C01145,P0010,4,622.38,0
O000365,2024-07-13,C00719,P0009,2,1056.72,0.2
O000366,2024-04-24,C01959,P0008,1,65.33,0.1
O000367,2024-11-27,C02154,P0001,4,306.14,0.05
O000368,2025-08-06,C02620,P0012,2,122.69,0
O000369,2024-09-16,C00613,P0009,2,1056.72,0.15
O000370,2025-08-08,C04287,P0007,3,499.9,0
O000371,2025-02-10,C04110,P0015,1,1091.57,0.1
O000372,2025-08-11,C03540,P0008,2,65.33,0.15
O000373,2024-05-24,C04401,P0014,3,291.76,0.15
O000374,2024-04-23,C03171,P0002,1,266.34,0.15
O000375,2024-11-09,C03541,P0005,3,940.87,0.05
O000376,2025-07-03,C01378,P0007,4,499.9,0.05
O000377,2024-07-14,C04303,P0012,1,122.69,0.1
O000378,2025-05-21,C04967,P9999,1,10.0,0.1
O000379,2025-04-10,C00477,P0011,2,279.64,0
O000380,2024-12-26,C01018,P0012,1,122.69,0.05
O000381,2024-02-06,C01406,P0010,3,622.38,0
O000382,2024-08-05,C03482,P0014,2,291.76,0
O000383,2025-01-27,C00299,P0017,2,535.81,0
O000384,2025-05-21,C04412,P0003,3,489.71,0.2
O000385,2024-06-12,C04877,P0017,3,535.81,0
O000386,2025-05-14,C04336,P0010,2,622.38,0
O000387,2025-08-21,C04918,P0007,2,499.9,0.1
O000388,2024-11-05,C04982,P0015,1,1091.57,0
O000389,2025-07-24,C00705,P0001,5,306.14,0.15
O000390,2024-08-13,C02692,P0008,2,65.33,0
O000391,2025-03-30,C02812,P0009,4,1056.72,0
O000392,2025-04-24,C02766,P0011,3,279.64,0
O000393,2024-09-09,C03192,P0014,4,291.76,0.2
O000394,2024-02-22,C04728,P0005,5,940.87,0
O000395,2024-08-15,C02833,P0002,1,266.34,0.1
O000396,2025-07-06,C00415,P0014,2,291.76,0.15
O000397,2025-04-29,C02708,P0017,2,535.81,0.15
O000398,2024-02-14,C04629,P0003,2,489.71,0
O000399,2024-09-05,C04920,P0004,2,758.64,0.2
O000400,2024-10-21,C02971,P0011,4,279.64,0
O000401,2025-02-04,C00734,P0014,2,291.76,0.15
O000402,2024-09-14,C02665,P0003,-1,489.71,0
O000403,2024-06-13,C01767,P0013,3,941.0,0.1
O000404,2024-01-08,C03428,P0003,3,489.71,0.05
O000405,2024-11-22,C01231,P0006,4,329.49,0.1
O000406,2025-05-08,C00385,P0017,4,535.81,0.1
O000407,2024-01-15,C01789,P0007,5,499.9,0
O000408,2025-06-10,C00492,P0014,2,291.76,0.05
O000409,2025-02-27,C03899,P0015,3,1091.57,0
O000410,2024-10-07,C04529,P0010,4,622.38,0.15
O000411,2024-12-28,C01775,P0008,2,65.33,0.2
O000412,2024-12-08,C03385,P0017,3,535.81,0.05
O000413,2024-11-17,C01645,P0011,1,279.64,0.2
O000414,2025-05-26,C00557,P0017,3,535.81,0.15
O000415,2024-12-01,C03168,P0012,5,122.69,0
O000416,2024-07-05,C00343,P0008,2,65.33,0.05
O000417,2025-07-31,C02229,P0017,3,535.81,0
O000418,2025-08-24,C02672,P0003,3,489.71,0.2
O000419,2024-02-16,C01622,P0015,2,1091.57,0
O000420,2025-04-28,C01180,P0014,3,291.76,0
O000421,2024-05-04,C01808,P0016,2,143.32,0.2
O000422,2024-07-13,C01641,P0012,2,122.69,0
O000423,2024-11-08,C04976,P0012,1,122.69,0
O000424,2025-08-28,C04563,P0009,1,1056.72,0
O000425,2024-10-28,C04944,P0002,5,266.34,0.05
O000426,2024-06-08,C03752,P0001,1,306.14,0.05
O000427,2024-08-15,C03531,P0013,4,941.0,0.15
O000428,2024-12-30,C00040,P0010,2,622.38,0
O000429,2025-03-13,C04337,P0011,3,279.64,0.05
O000430,2024-08-03,C01511,P0013,4,941.0,0.2
O000431,2024-09-07,C01170,P0011,4,279.64,0
O000432,2024-10-03,C03383,P0006,4,329.49,0
O000433,2025-03-02,C01974,P0009,3,1056.72,0
O000434,2024-03-30,C02896,P0004,3,758.64,0.05
O000435,2025-06-16,C04205,P0013,2,941.0,0.05
O000436,2024-01-20,C01388,P0009,3,1056.72,0.15
O000437,2024-11-27,C02951,P0003,5,489.71,0
O000438,2025-07-07,C01881,P0010,3,622.38,0.15
O000439,2025-02-08,C01928,P0004,5,758.64,0
O000440,2024-07-27,C02195,P0016,4,143.32,0.05
O000441,2024-06-10,C04936,P9999,5,10.0,0.2
O000442,2025-01-10,C00228,P0003,4,489.71,0
O000443,2024-03-15,C01256,P0008,5,65.33,0
O000444,2025-07-20,C03236,P9999,1,10.0,0
O000445,2025-03-12,C03974,P0002,2,266.34,0
O000446,2024-09-07,C00921,P0006,5,329.49,0.2
O000447,15/01/2024,C03740,P0016,3,143.32,0
O000448,2024-08-05,C00862,P0003,4,489.71,0
O000449,2025-06-06,C02409,P0010,5,622.38,0.05
O000450,2024-11-07,C00932,P0012,1,122.69,0
O000451,2025-04-08,C00931,P0015,1,1091.57,0.05
O000452,2024-08-31,C01153,P0006,1,329.49,0.15
O000453,2025-08-04,C04258,P0001,5,306.14,0
O000454,2024-01-26,C01679,P0006,1,329.49,0.1
O000455,2024-05-22,C01759,P0006,3,329.49,0.2
O000456,2024-02-13,C02870,P0006,4,329.49,0
O000457,2024-10-24,C01805,P0004,1,758.64,0.15
O000458,2024-03-26,C01763,P0006,4,329.49,0.1
O000459,2025-07-03,C00908,P0004,4,758.64,0
O000460,2025-06-03,C04898,P0001,2,306.14,0
O000461,2024-06-24,C01387,P0014,4,291.76,0.1
O000462,2024-12-12,C02449,P0003,4,489.71,0.2
O000463,2025-09-14,C00190,P0010,1,622.38,0.2
O000464,23/11/2024,C00609,P0002,3,266.34,0
O000465,2025-05-16,C04111,P0011,2,279.64,0
O000466,2024-02-20,C04068,P0017,3,535.81,0.1
O000467,2024-02-11,C01862,P0001,4,306.14,0.1
O000468,2025-05-24,C01903,P0011,3,279.64,0.05
O000469,2024-05-20,C01369,P0015,5,1091.57,0.1
O000470,2025-01-04,C00212,P0004,5,758.64,0.2
O000471,2024-07-19,C01292,P0003,2,489.71,0.1
O000472,2024-07-02,C00255,P0003,5,489.71,0.05
O000473,2024-10-06,C02579,P0003,1,489.71,0.05
O000474,2025-07-07,C00637,P0003,4,489.71,0.2
O000475,2024-04-01,C03604,P0014,5,291.76,0.2
O000476,2024-11-11,C02086,P0002,4,266.34,0.1
O000477,2025-08-14,C00658,P0008,5,65.33,0
O000478,2025-02-15,C00818,P0009,3,1056.72,0.05
O000479,2024-01-30,C00584,P0011,2,279.64,0
O000480,2024-03-17,C04656,P0005,1,940.87,0.05
O000481,22/07/2025,C03824,P0002,2,266.34,0.15
O000482,2025-03-26,C02868,P0008,3,65.33,0
O000483,2025-08-25,C02643,P0007,2,499.9,0
O000484,2024-08-29,C04360,P0009,5,1056.72,0.1
O000485,2024-07-13,C04087,P0006,4,329.49,0.15
O000486,2024-01-31,C02781,P0016,1,143.32,0.1
O000487,2025-09-12,C01989,P0017,4,535.81,0
O000488,2025-04-10,C03147,P0010,5,622.38,0.1
O000489,2024-09-02,C01905,P0011,4,279.64,0.1
O000490,2024-06-08,C04530,P0014,4,291.76,0
O000491,2024-06-10,C01850,P0008,3,65.33,0
O000492,2024-04-29,C03368,P0014,2,291.76,0
O000493,2024-12-17,C00753,P0012,4,122.69,0.2
O000494,2025-07-23,C03405,P0007,4,499.9,0
O000495,2025-01-07,C01598,P0012,4,122.69,0.15
O000496,2024-05-30,C00961,P0010,2,622.38,0
O000497,2025-08-04,C03828,P0011,3,279.64,0.15
O000498,2024-11-02,C02367,P0006,1,329.49,0.15
O000499,2024-03-17,C02460,P0013,2,941.0,0
O000500,2024-06-26,C01008,P0014,3,291.76,0.15
